exit_multiple,management_fees,carried_interest,total_fees,lp_proceeds,lp_irr,hurdle_met,gross_multiple,net_multiple
1.5,20000000.0,0.0,20000000.0,100000000.0,0.022565182563572872,False,1.5,1.25
2.0,20000000.0,0.0,20000000.0,140000000.0,0.057557050338252314,False,2.0,1.75
2.5,20000000.0,7286000.218176931,27286000.21817693,172713999.78182307,0.08000000000000007,True,2.5,2.158924997272788
3.0,20000000.0,44000000.0,64000000.0,176000000.0,0.08203738981834285,True,3.0,2.2
3.5,20000000.0,52000000.0,72000000.0,208000000.0,0.10026509310601806,True,3.5,2.6
4.0,20000000.0,60000000.0,80000000.0,240000000.0,0.11612317403390437,True,4.0,3.0
